"id,N,11,0","id_invoice,N,16,0","type_doc,C,3","name_doc,C,50","data_doc,D","blank_cod,C,6","seria,C,2","numdoc,C,128","descript_d,C,150","n_plat_t,C,10"
68520,75000,609,,28.04.2017,,,90341670,,
68521,75001,609,,25.05.2017,,,22660-17,,
68522,75002,609,,09.05.2017,,,2001673517,,
68523,75003,609,,09.05.2017,,,2001674036,,
68524,75004,609,,08.05.2017,,,2001673225,,
68525,75005,609,,18.05.2017,,,993028252,,
68526,75006,609,,29.04.2017,,,BY2017-260,,
68527,75007,609,,08.05.2017,,,2001673361,,
68528,75008,609,,22.05.2017,,,0037/МА/20,,
68529,75009,609,,17.05.2017,,,4331343435,,
68530,75010,609,,04.01.2017,,,ATLPU20170,,
68531,75011,609,,26.05.2017,,,2001682595,,
68532,75012,609,,26.04.2017,,,2017-21042,,
68533,75013,609,,21.04.2017,,,2001665535,,
68534,75014,609,,28.04.2017,,,21042021,,
68535,75015,609,,15.05.2017,,,8110/16685,,
68536,75016,609,,27.04.2017,,,2001668731,,
68537,75017,609,,18.05.2017,,,993028255,,
68538,75018,609,,25.04.2017,,,174164,,
68539,75019,609,,23.05.2017,,,006062,,
68540,75020,609,,15.05.2017,,,ВР17/00131,,
68541,75021,609,,04.05.2017,,,20.561,,
68542,75022,609,,16.05.2017,,,230385,,
68543,75023,609,,15.05.2017,,,VKR17/895,,
68544,75024,609,,12.05.2017,,,2001676345,,
68545,75025,609,,29.04.2017,,,BY2017-270,,
68546,75026,609,,15.05.2017,,,187,,
68547,75027,609,,19.05.2017,,,3012023768,,
68548,75028,609,,27.04.2017,,,2001668814,,
68549,75029,609,,28.04.2017,,,STB19213,,
68550,75030,609,,25.04.2017,,,90340137,,
68551,75031,609,,11.05.2017,,,17,,
68552,75032,609,,25.03.2017,,,NCI-YDM-17,,
68553,75033,609,,17.05.2017,,,2001678320,,
68554,75034,609,,11.05.2017,,,2001675435,,
68555,75035,609,,20.03.2017,,,17PX-11512,,
68556,75036,609,,05.05.2017,,,АТ-8,,
68557,75037,609,,27.04.2017,,,993025627,,
68558,75038,609,,27.04.2017,,,87165385,,
68559,75039,609,,03.05.2017,,,2001671270,,
68560,75040,609,,27.04.2017,,,220/110128,,
68561,75041,609,,02.05.2017,,,14,,
68562,75042,609,,10.05.2017,,,90344348,,
68563,75043,609,,19.05.2017,,,АТ- 12,,
68564,75044,609,,30.04.2017,,,200030,,
68565,75045,609,,31.03.2017,,,3811,,
68566,75046,609,,15.05.2017,,,АТ- 11,,
68567,75047,609,,26.05.2017,,,2001682445,,
68568,75048,609,,25.04.2017,,,3018023178,,
68569,75049,609,,27.04.2017,,,20.525,,
68570,75050,609,,02.05.2017,,,3018023379,,
68571,75051,609,,30.05.2017,,,993029698,,
68572,75052,609,,10.05.2017,,,7043516757,,
68573,75053,609,,24.05.2017,,,993029057,,
68574,75054,609,,16.05.2017,,,22513-17,,
68575,75055,609,,18.05.2017,,,22529-17,,
68576,75056,609,,01.06.2017,,,22817-17,,
68577,75057,609,,22.05.2017,,,0031/МА/20,,
68578,75058,609,,02.06.2017,,,PL/2017/32,,
68579,75059,609,,30.05.2017,,,174180,,
68580,75060,609,,25.05.2017,,,22671-17,,
68581,75061,609,,30.05.2017,,,174181,,
68582,75062,609,,25.04.2017,,,20170425,,
68583,75063,609,,28.04.2017,,,20170428AT,,
68584,75064,609,,26.05.2017,,,993029386,,
68585,75065,609,,03.05.2017,,,YUMI201705,,
68586,75066,609,,26.05.2017,,,0000838,,
68587,75067,609,,31.05.2017,,,3038003337,,
68588,75068,609,,31.05.2017,,,3038003338,,
68589,75069,609,,30.05.2017,,,7021495329,,
68590,75070,609,,29.05.2017,,,26025737,,
68591,75071,609,,26.05.2017,,,22695-17,,
68592,75072,609,,02.06.2017,,,0000893,,
68593,75073,609,,30.05.2017,,,174182,,
68594,75074,609,,29.05.2017,,,310861/211,,
68595,75075,609,,24.05.2017,,,993029058,,
68596,75076,609,,30.05.2017,,,993029737,,
68597,75077,609,,23.05.2017,,,993028815,,
68598,75078,609,,30.05.2017,,,3018023983,,
68599,75079,609,,26.05.2017,,,PL/2017/30,,
68600,75080,609,,09.02.2017,,,АТ-2,,
68601,75081,609,,31.05.2017,,,RB6434075,,
68602,75082,609,,09.06.2017,,,18/ЕХ/2017,,
68603,75083,609,,07.06.2017,,,BL 2017/00,,
68604,75084,609,,31.05.2017,,,ВР17/00149,,
68605,75085,609,,31.05.2017,,,ВР17/00148,,
68606,75086,609,,19.05.2017,,,STB19057,,
68607,75087,609,,23.05.2017,,,558-2017/0,,
68608,75088,609,,12.06.2017,,,FRE17 NR.0,,
68609,75089,609,,07.06.2017,,,2141700348,,
68610,75090,609,,30.05.2017,,,3038003329,,
68611,75091,609,,08.06.2017,,,СФ-027,,
68612,75092,609,,31.05.2017,,,22803-17,,
68613,75093,609,,24.05.2017,,,806124494,,
68614,75094,609,,12.06.2017,,,АТ- 15,,
68615,75095,609,,30.05.2017,,,199,,
68616,75096,609,,31.05.2017,,,2001684902,,
68617,75097,609,,23.05.2017,,,174177,,
68618,75098,609,,18.05.2017,,,2001679068,,
68619,75099,609,,21.03.2017,,,HT20170321,,
68620,75100,609,,30.05.2017,,,22766-17,,
68621,75101,609,,25.02.2017,,,ERIDAN2017,,
68622,75102,609,,31.05.2014,,,90351267,,
68623,75103,609,,22.05.2017,,,9040298953,,
68624,75104,609,,28.04.2017,,,7021465993,,
68625,75105,609,,28.05.2017,,,22729-17,,
68626,75106,609,,07.06.2017,,,2117110016,,
68627,75107,609,,29.05.2017,,,3018023951,,
68628,75108,609,,22.05.2017,,,0033/МА/20,,
68629,75109,609,,26.05.2017,,,0000839,,
68630,75110,609,,01.06.2017,,,9,,
68631,75111,609,,19.05.2017,,,BY2017-190,,
68632,75112,609,,25.05.2017,,,90349536,,
68633,75113,609,,30.05.2017,,,90350551,,
68634,75114,609,,01.06.2017,,,10,,
68635,75115,609,,01.06.2017,,,17/ЕХ/2017,,
68636,75116,609,,12.06.2017,,,0000955,,
68637,75117,609,,12.06.2017,,,0000956,,
68638,75118,609,,12.06.2017,,,FRE17 NR.0,,
68639,75119,609,,14.06.2017,,,RB6435403,,
68640,75120,609,,02.06.2017,,,2001686481,,
68641,75121,609,,16.06.2017,,,2001692221,,
68642,75122,609,,22.05.2017,,,806099739,,
68643,75123,609,,06.06.2017,,,2017/01291,,
68644,75124,609,,16.06.2017,,,СФ-028,,
68645,75125,609,,29.05.2017,,,220/110129,,
68646,75126,609,,14.06.2017,,,1196886,,
68647,75127,609,,17.05.2017,,,2001678370,,
68648,75128,609,,14.06.2017,,,1196847,,
68649,75129,609,,29.05.2017,,,BY2017-240,,
68650,75130,609,,29.05.2017,,,BY2017-240,,
68651,75131,609,,01.06.2017,,,4331344169,,
68652,75132,609,,01.06.2017,,,93015294,,
68653,75133,609,,24.05.2017,,,993028964,,
68654,75134,609,,30.05.2017,,,993029740,,
68655,75135,609,,15.06.2017,,,2001691770,,
68656,75136,609,,01.06.2017,,,3038003339,,
68657,75137,609,,24.05.2017,,,993029060,,
68658,75138,609,,09.06.2017,,,BY2017-060,,
68659,75139,609,,30.05.2017,,,2001684264,,
68660,75140,609,,22.06.2017,,,11,,
68661,75141,609,,21.06.2017,,,АТ- 18,,
68662,75142,609,,23.06.2017,,,0927/E/17,,
68663,75143,609,,16.06.2017,,,ВР17/00167,,
68664,75144,609,,01.06.2017,,,993030128,,
68665,75145,609,,12.05.2017,,,1/01100,,
68666,75146,609,,20.06.2017,,,993032348,,
68667,75147,609,,23.06.2017,,,АТ- 20,,
68673,75153,603,,23.06.2017,,эя,2178336,,
68674,75154,601,,06.06.2017,,,52/15,,
68675,75155,606,,30.06.2017,,,139,,
68676,75156,603,,26.06.2017,,ЖБ,1964476,,
68677,75157,603,,08.06.2017,,ЮЖ,3179141,,
68678,75158,602,,05.06.2017,,ЖБ,0427666,,
68679,75159,603,,21.06.2017,,ЮК,1078856,,
68680,75160,603,,21.06.2017,,ЮК,1083555,,
68681,75161,603,,21.06.2017,,ЮК,1083554,,
68682,75162,603,,07.06.2017,,ЮЖ,2718037,,
68683,75163,612,,30.06.2017,,,        51,,
68684,75164,612,,30.06.2017,,,0880014,,
68685,75165,603,,21.06.2017,,ДИ,0184092,,
68690,75170,606,,26.06.2017,,,170032597,,
68691,75171,606,,30.06.2017,,,170034046,,
68692,75172,606,,19.06.2017,,,170032212,,
68693,75173,608,,10.07.2017,,,103110,,
68694,75174,606,,12.06.2017,,,170030210,,
68695,75175,606,,05.06.2017,,,170028933,,
68696,75176,606,,05.06.2017,,,170028490,,
68697,75177,603,,26.06.2017,,ЮЖ,5731181,,
68698,75178,603,,28.06.2017,,ЮЖ,5733887,,
68699,75179,603,,29.06.2017,,ЮЖ,5734936,,
68700,75180,603,,26.06.2017,,ЮЖ,3458571,,
68701,75181,603,,26.06.2017,,ЮЖ,3458582,,
68702,75182,606,,19.06.2017,,,457,,
68703,75184,603,,05.07.2017,,ЭЯ,1136332,,
68704,75186,601,,27.06.2017,,,2252616,,
68705,75187,601,,13.12.2016,,,390,,
68706,75188,603,,05.06.2017,,ЭЮ,0348365,,
68707,75189,603,,30.06.2017,,ЮК,3180533,,
68708,75190,603,,27.06.2017,,ЮЖ,3458909,,
68709,75191,603,,27.06.2017,,ЮЖ,3458697,,
68710,75192,606,,20.06.2017,,,458,,
68711,75193,606,,21.06.2017,,,459,,
68712,75194,606,,22.06.2017,,,460,,
68713,75195,606,,23.06.2017,,,461,,
68714,75196,606,,12.06.2017,,,429,,
68715,75197,606,,19.06.2017,,,б/н,,
68716,75198,602,,26.06.2017,,ЖГ,0127718,,
68717,75203,603,,07.06.2017,,ЭЯ,3552172,,
68718,75204,603,,07.06.2017,,ЭЯ,3552173,,
68719,75205,603,,23.06.2017,,ЮА,3854099,,
68720,75206,601,,05.06.2017,,,622,,
68721,75207,612,,01.06.2017,,,6/1,,
68722,75208,612,,05.06.2017,,,6/18,,
68723,75209,612,,08.06.2017,,,6/38,,
68724,75210,612,,12.06.2017,,,6/45,,
68725,75211,612,,12.06.2017,,,6/46,,
68726,75212,612,,14.06.2017,,,6/52,,
68727,75213,612,,14.06.2017,,,6/49,,
68728,75214,612,,16.06.2017,,,6/71,,
68729,75215,612,,19.06.2017,,,6/72,,
68730,75216,612,,21.06.2017,,,6/83,,
68731,75217,612,,21.06.2017,,,6/86,,
68732,75218,612,,22.06.2017,,,6/89,,
68733,75219,612,,26.06.2017,,,6/98,,
68734,75220,612,,26.06.2017,,,6/101,,
68735,75221,612,,27.06.2017,,,6/108,,
68736,75222,612,,27.06.2017,,,6/118,,
68737,75223,612,,28.06.2017,,,6/132,,
68738,75224,612,,29.06.2017,,,6/137,,
68739,75225,612,,29.06.2017,,,6/135,,
68740,75226,608,,10.07.2017,,,1013976,,
68741,75227,601,,28.06.2017,,,2252777,,
68742,75228,601,,28.06.2017,,,2252778,,
68743,75229,601,,29.06.2017,,,2253220,,
68744,75230,601,,30.06.2017,,,2253565,,
68745,75231,601,,30.06.2017,,,2253816,,
68746,75232,606,,09.06.2017,,,0000700,,
68747,75233,606,,16.06.2017,,,0000723,,
68748,75234,606,,23.06.2017,,,0000763,,
68749,75235,606,,30.06.2017,,,0000780,,
68750,75236,603,,23.06.2017,,ЭЮ,3660896,,
68751,75237,603,,26.06.2017,,ЮК,5644164,,
68752,75238,603,,27.06.2017,,ЮК,0297872,,
68753,75239,603,,30.06.2017,,ЮК,0297873,,
68754,75240,603,,04.07.2017,,ДИ,0191610,,
68755,75241,603,,05.07.2017,,ДИ,0191626,,
68756,75242,603,,05.07.2017,,ДИ,0191647,,
68757,75243,603,,05.07.2017,,ДИ,0191652,,
68758,75244,603,,06.07.2017,,ДИ,0191676,,
68759,75245,603,,07.07.2017,,ДИ,0191682,,
68760,75246,603,,07.07.2017,,ДИ,0191701,,
68761,75247,603,,07.07.2017,,ДИ,0191692,,
68762,75248,603,,07.07.2017,,ДИ,0191698,,
68763,75249,603,,05.06.2017,,эу,3825698,,
68764,75250,603,,02.06.2017,,эу,3825693,,
68765,75251,603,,07.06.2017,,эю,5063906,,
68766,75252,603,,08.06.2017,,эю,5063908,,
68767,75253,603,,12.06.2017,,ЭЮ,5063916,,
68768,75254,606,,27.06.2017,,,477,,
68769,75255,606,,28.06.2017,,,478,,
68770,75256,603,,20.06.2017,,ЮК,0744743,,
68772,75258,606,,30.06.2017,,,Б/Н 2,,
68773,75259,602,,22.04.2017,,ИР,0087656,,
68774,75260,602,,10.05.2017,,ИР,0087733,,
68775,75261,602,,12.05.2017,,ИР,0087761,,
68776,75262,602,,11.05.2017,,ИР,0087746,,
68777,75263,602,,12.05.2017,,ИР,0087760,,
68778,75264,602,,12.05.2017,,ИР,0087762,,
68779,75265,602,,13.05.2017,,ИР,0087767,,
68780,75266,602,,13.05.2017,,ИР,0087766,,
68781,75267,602,,28.03.2017,,ИР,0085462,,
68782,75268,602,,05.04.2017,,ИР,0087533,,
68783,75269,603,,10.05.2017,,ИР,0087719,,
68784,75270,603,,24.03.2017,,ИР,0086276,,
68785,75271,603,,05.05.2017,,ИР,0086473,,
68786,75272,606,,21.06.2017,,,871/19,,
68787,75273,603,,19.06.2017,,ЮЖ,6206044,,
68788,75274,606,,07.06.2017,,,4232,,
68789,75275,612,,07.06.2017,,,95016,,
68790,75276,612,,30.06.2017,,,6,,
68791,75277,603,,05.06.2017,,ЭЮ,2578524,,
68792,75278,611,,30.06.2017,,,908100,,
68793,75279,602,,19.06.2017,,ЖГ,0127531,,
68794,75280,606,,06.06.2017,,,3580,,
68795,75281,601,,27.06.2017,,,2252321,,
68796,75282,612,,30.06.2017,,,РМД0017463,,
68797,75283,603,,05.06.2017,,ЭЯ,4155018,,
68798,75284,603,,08.06.2017,,ЭЯ,4151042,,
68799,75285,603,,20.06.2017,,ДБ,0467268,,
68800,75286,606,,30.06.2017,,,б/н,,
68802,75288,602,,22.06.2017,,ИХ,0987265,,
68803,75289,606,,30.06.2017,,,120,,
68804,75290,606,,30.06.2017,,,107,,
68805,75291,609,,28.04.2017,,,21042021,,
68807,75293,606,,30.06.2017,,,121,,
68810,75296,606,,30.06.2017,,,119,,
68812,75298,606,,30.06.2017,,,121,,
68815,75301,603,,05.06.2017,,ЮА,2790820,,
68816,75302,606,,13.06.2017,,,95146,,
68817,75303,606,,26.06.2017,,,578-э,,
68818,75304,606,,30.06.2017,,,133,,
68820,75306,611,,30.06.2017,,,201700023,,
68821,75307,611,,30.06.2017,,,201700024,,
68822,75308,611,,30.06.2017,,,201700025,,
68823,75309,606,,30.06.2017,,,118,,
68824,75310,603,,26.06.2017,,ПУ,0685721,,
68825,75311,603,,26.06.2017,,ПУ,0685722,,
68826,75312,606,,30.06.2017,,,117,,
68827,75313,606,,30.06.2017,,,116,,
68828,75314,606,,30.06.2017,,,115,,
68829,75315,606,,30.06.2017,,,114,,
68830,75316,606,,02.06.2017,,,104,,
68831,75317,606,,31.05.2017,,,132,,
68832,75318,606,,30.06.2017,,,121,,
68833,75319,609,,28.04.2017,,,21042021,,
68834,75320,606,,30.06.2017,,,134,,
68835,75321,606,,06.06.2017,,,108,,
68836,75322,601,,15.06.2017,,,БС №0990241,,
68837,75323,603,,28.06.2017,,ЮЖ,3957165,,
68838,75324,603,,28.06.2017,,ЮЖ,3965320,,
68839,75325,612,,06.06.2017,,,03/3-285-4,,
68840,75326,606,,30.06.2017,,,6,,
68841,75327,603,,04.07.2017,,ЮК,6521810,,
68842,75328,603,,06.07.2017,,ЮК,6520883,,
68843,75329,603,,06.07.2017,,ЮК,6520892,,
68844,75330,603,,21.06.2017,,ЭХ,1423361,,
68845,75331,603,,10.07.2017,,ЭЭ,2330972,,
68846,75332,614,,12.06.2017,,ЭУ,0339253,,
68847,75333,606,,13.06.2017,,,95147,,
68848,75334,606,,13.06.2017,,,95148,,
68849,75335,602,,15.06.2017,,ДИ,0184038,,
68850,75336,602,,19.06.2017,,ДА,0747405,,
68851,75337,602,,22.06.2017,,ИЭ,2099098,,
68852,75338,606,,30.06.2017,,,113,,
68853,75340,601,,09.07.2017,,,E714,,
68854,75341,601,,19.06.2017,,,БС №0990435,,
68855,75342,601,,19.06.2017,,,БС №0990449,,
68856,75343,601,,20.06.2017,,,БС №0990514,,
68857,75344,603,,27.06.2017,,ЮА,4640961,,
68858,75345,608,,30.06.2017,,-,00000004572,,
68859,75346,608,,30.06.2017,,-,00000004572,,
68860,75347,606,,30.06.2017,,,000С-002818,,
68861,75348,603,,28.06.2017,,ЭХ,1423374,,
68862,75349,603,,20.06.2017,,ЮЖ,1255270,,
68863,75350,603,,20.06.2017,,ЮЖ,1255271,,
68864,75351,603,,20.06.2017,,ЮЖ,1255268,,
68865,75352,601,,21.06.2017,,,БС №0990576,,
68866,75353,606,,06.06.2017,,,3580,,
68867,75354,606,,07.06.2017,,,4232,,
68868,75355,601,,22.06.2017,,,БС №0990633,,
68869,75356,603,,21.06.2017,,ЭХ,2648107,,
68870,75357,601,,23.06.2017,,,БС №0990721,,
68871,75358,601,,26.06.2017,,,БС №0990851,,
68872,75359,601,,26.06.2017,,,БС №0990861,,
68873,75360,601,,28.06.2017,,,2252778,,
68874,75361,603,,28.12.2016,,ИР,0084341,,
68875,75362,601,,15.06.2017,,,2249320,,
68876,75363,601,,14.06.2017,,,2248875,,
68877,75364,601,,13.06.2017,,,2248733,,
68878,75365,601,,15.06.2017,,,2249319,,
68879,75366,601,,28.06.2017,,,БС №0991030,,
68880,75367,603,,06.07.2017,,ЮК,6522453,,
68881,75368,606,,30.06.2017,,,2107/1,,
68882,75369,606,,09.06.2017,,,2025,,
68883,75370,602,,05.06.2017,,ИФ,0437557,,
68884,75371,612,,12.06.2017,,,1,,
68885,75372,608,,28.11.2016,,,А22,,
68886,75373,612,,29.06.2017,,,б/н,,
68887,75374,603,,12.06.2017,,ЮЖ,0525706,,
68888,75375,603,,20.06.2017,,ЭЮ,5918982,,
68889,75376,603,,04.07.2017,,ЖП,0438256,,
68890,75377,603,,04.07.2017,,ЖП,0438257,,
68891,75378,606,,28.06.2017,,,223,,
68892,75379,606,,17.06.2017,,,224,,
68893,75380,606,,17.06.2017,,,224,,
68894,75381,606,,28.06.2017,,,223,,
68895,75382,603,,12.06.2017,,ЮА,3003304,,
68896,75383,603,,12.06.2017,,ЮА,3003172,,
68897,75384,603,,14.06.2017,,ЮА,3003373,,
68898,75385,603,,14.06.2017,,ЮА,3003420,,
68899,75386,603,,15.06.2017,,ЮЖ,3458209,,
68900,75387,603,,15.06.2017,,ЮА,3003445,,
68901,75388,603,,15.06.2017,,ЮА,3003461,,
68902,75389,603,,20.06.2017,,ЮЖ,3458411,,
68903,75390,603,,20.06.2017,,ЮЖ,3458418,,
68904,75391,603,,20.06.2017,,ЮЖ,3458443,,
68905,75392,603,,20.06.2017,,ЮЖ,3458178,,
68906,75393,603,,22.06.2017,,ЮЖ,3458497,,
68907,75394,603,,22.06.2017,,ЮЖ,3458390,,
68908,75395,603,,22.06.2017,,ЮЖ,3458711,,
68909,75396,603,,22.06.2017,,ЮЖ,3458732,,
68910,75397,603,,23.06.2017,,ЮЖ,3458748,,
68911,75398,603,,23.06.2017,,ЮЖ,3458544,,
68912,75399,603,,28.06.2017,,ЮЖ,3457524,,
68913,75400,603,,28.06.2017,,ЮЖ,3458966,,
68914,75401,603,,29.06.2017,,ЮЖ,3457579,,
68915,75402,603,,29.06.2017,,ЮЖ,3457636,,
68916,75403,603,,30.06.2017,,ЮЖ,3458863,,
68917,75404,603,,30.06.2017,,ЮЖ,3457724,,
68918,75405,612,,30.06.2017,,,5_1,,
68919,75406,612,,30.06.2017,,,6_1,,
68920,75407,603,,09.06.2017,,ЭУ,4959687,,
68921,75408,606,,16.06.2017,,,R/3160480,,
68922,75409,606,,30.06.2017,,,R/3180557,,
68923,75410,602,,07.06.2017,,ЖБ,1733004,,
68924,75411,606,,20.06.2017,,,95301,,
68925,75412,606,,20.06.2017,,,95302,,
68926,75413,606,,20.06.2017,,,95303,,
68927,75414,606,,30.06.2017,,,70,,
68928,75415,606,,30.06.2017,,,72,,
68929,75416,601,,30.06.2017,,,2253816,,
68930,75417,601,,30.06.2017,,,2253565,,
68931,75418,601,,29.06.2017,,,2253220,,
68932,75419,601,,27.06.2017,,,2252616,,
68933,75420,601,,13.06.2017,,,2248424,,
68934,75421,601,,28.06.2017,,,2252777,,
68935,75422,601,,22.06.2017,,,2251300,,
68936,75423,601,,21.06.2017,,,2250916,,
68937,75424,601,,23.06.2017,,,2251614,,
68938,75425,601,,23.06.2017,,,2251615,,
68939,75426,601,,02.06.2017,,,2245867,,
68940,75427,601,,05.06.2017,,,2246012,,
68941,75428,601,,08.06.2017,,,2247216,,
68942,75429,601,,09.06.2017,,,2247631,,
68943,75430,601,,12.06.2017,,,2248073,,
68944,75431,601,,13.06.2017,,,2248732,,
68945,75432,601,,27.06.2017,,,2252321,,
68946,75433,601,,16.06.2017,,,2249727,,
68947,75434,602,,23.06.2017,,ИХ,0988032,,
68948,75435,603,,05.07.2017,,ЮЖ,1735626,,
68949,75436,603,,22.06.2017,,ДИ,0184030,,
68950,75437,603,,21.06.2017,,УР,0695692,,
68951,75438,603,,05.07.2017,,ЭЮ,5103066,,
68952,75439,603,,07.07.2017,,эю,5103067,,
68953,75440,606,,26.06.2017,,,578-э,,
68954,75441,608,,02.06.2017,,,00009,,
68955,75442,608,,23.06.2017,,,0623013КУ,,
68956,75443,608,,31.05.2017,,,193,,
68957,75444,608,,06.07.2017,,,295,,
68958,75445,608,,06.06.2017,,,296,,
68959,75446,608,,06.06.2017,,,297,,
68960,75447,608,,15.06.2017,,,3626,,
68961,75448,608,,16.06.2017,,,3665,,
68962,75449,608,,19.06.2017,,,3703,,
68963,75450,608,,19.06.2017,,,3704,,
68964,75451,608,,19.06.2017,,,3705,,
68965,75452,608,,21.06.2017,,,37,,
68966,75453,608,,31.05.2017,,,3910652681,,
68967,75454,608,,31.05.2017,,,395,,
68968,75455,608,,08.06.2017,,,418,,
68969,75456,608,,09.06.2017,,,440,,
68970,75457,608,,24.05.2017,,,59/А,,
68971,75458,608,,15.06.2017,,,615005,,
68972,75459,608,,09.06.2017,,,699,,
68973,75460,608,,01.06.2017,,,7АТЛ,,
68974,75461,608,,31.05.2017,,,924Э,,
68975,75462,608,,02.06.2017,,,925Э,,
68976,75463,608,,14.06.2017,,,926 Э,,
68977,75464,608,,30.05.2017,,,АТ05300005,,
68978,75465,608,,30.05.2017,,,АТ05300006,,
68979,75466,608,,14.06.2017,,,АТ06140010,,
68980,75467,608,,30.05.2017,,,КЗ00000009,,
68981,75468,608,,07.06.2017,,,ПА17,,
68982,75469,608,,09.06.2017,,,ПА19,,
68983,75470,608,,20.06.2017,,,ПА21,,
68984,75471,608,,26.06.2017,,,ПА23,,
68985,75472,608,,07.06.2017,,,ПН18,,
68986,75473,608,,09.06.2017,,,ПН20,,
68987,75474,608,,20.06.2017,,,ПН22,,
68988,75475,608,,26.06.2017,,,ПН24,,
68989,75476,608,,26.05.2017,,,100091997,,
68990,75477,608,,24.06.2017,,,100107777,,
68991,75478,608,,25.06.2017,,,100107910,,
68992,75479,608,,19.05.2017,,,1117036619,,
68993,75480,608,,20.05.2017,,,1117036641,,
68994,75481,608,,20.05.2017,,,1117037091,,
68995,75482,608,,20.05.2017,,,1117037092,,
68996,75483,608,,20.05.2017,,,1117037093,,
68997,75484,608,,23.05.2017,,,1117037515,,
68998,75485,608,,27.05.2017,,,1117038730,,
68999,75486,608,,27.05.2017,,,1117038732,,
69000,75487,608,,27.05.2017,,,1117038734,,
69001,75488,608,,29.05.2017,,,1117039466,,
69002,75489,608,,29.05.2017,,,1117039467,,
69003,75490,608,,29.05.2017,,,1117039469,,
69004,75491,608,,29.05.2017,,,1117039470,,
69005,75492,608,,29.05.2017,,,1117039471,,
69006,75493,608,,31.05.2017,,,1117041258,,
69007,75494,608,,21.06.2017,,,1117046752,,
69008,75495,608,,21.06.2017,,,1117046753,,
69009,75496,608,,21.06.2017,,,1117046754,,
69010,75497,608,,21.06.2017,,,1117046755,,
69011,75498,608,,22.06.2017,,,1117047158,,
69012,75499,608,,22.06.2017,,,1117047160,,
69013,75500,608,,22.06.2017,,,1117047162,,
69014,75501,608,,22.06.2017,,,1117047164,,
69015,75502,608,,22.06.2017,,,1117047166,,
69016,75503,608,,22.06.2017,,,1117047176,,
69017,75504,608,,22.06.2017,,,1117047179,,
69018,75505,608,,26.05.2017,,,31870,,
69019,75506,608,,29.05.2017,,,32720,,
69020,75507,608,,29.05.2017,,,33714,,
69021,75508,608,,29.05.2017,,,33715,,
69022,75509,608,,31.05.2017,,,33716,,
69023,75510,608,,30.05.2017,,,33745,,
69024,75511,608,,30.05.2017,,,33746,,
69025,75512,608,,07.06.2017,,,35297,,
69026,75513,608,,08.06.2017,,,35436,,
69027,75514,608,,09.06.2017,,,35748,,
69028,75515,608,,13.06.2017,,,36151,,
69029,75516,608,,14.06.2017,,,36330,,
69030,75517,608,,14.06.2017,,,36331,,
69031,75518,608,,14.06.2017,,,36332,,
69032,75519,608,,15.06.2017,,,36850,,
69033,75520,608,,15.06.2017,,,36851,,
69034,75521,608,,19.06.2017,,,37285,,
69035,75522,608,,20.06.2017,,,37528,,
69036,75523,608,,23.06.2017,,,38594,,
69037,75524,608,,07.06.2017,,,72,,
69038,75525,608,,30.05.2017,,,00001006,,
69039,75526,608,,05.06.2017,,,283,,
69040,75527,608,,13.06.2017,,,36150,,
69041,75528,608,,20.06.2017,,,37527,,
69042,75529,608,,25.06.2017,,,100107907,,
69043,75530,608,,22.06.2017,,,1117047172,,
69044,75531,608,,22.06.2017,,,1117047175,,
69045,75532,608,,09.06.2017,,,199,,
69046,75533,608,,20.06.2017,,,259,,
69047,75534,608,,26.06.2017,,,3333,,
69048,75535,608,,16.06.2017,,,3666,,
69049,75536,608,,26.06.2017,,,3827,,
69050,75537,608,,26.06.2017,,,3828,,
69051,75538,608,,31.05.2017,,,38,,
69052,75539,608,,31.05.2017,,,3910652682,,
69053,75540,608,,31.05.2017,,,69,,
69054,75541,608,,22.05.2017,,,985,,
69055,75542,608,,08.06.2017,,,АТ06080021,,
69056,75543,608,,08.06.2017,,,АТ06080022,,
69057,75544,608,,08.06.2017,,,АТ06080022,,
69058,75545,608,,08.06.2017,,,АТ06080023,,
69059,75546,602,,04.05.2017,,ИЭ,1196503,,
69060,75547,602,,03.05.2017,,ИЭ,1196497,,
69061,75548,602,,03.05.2017,,ИЭ,1196501,,
69062,75549,602,,04.05.2017,,ИЭ,1196504,,
69063,75550,602,,04.05.2017,,ИЭ,1196502,,
69064,75551,602,,03.05.2017,,ИЭ,1196496,,
69065,75552,602,,04.05.2017,,ИЭ,1195558,,
69066,75553,602,,05.05.2017,,ИЭ,1195560,,
69067,75554,602,,04.05.2017,,ИЭ,1196505,,
69068,75555,602,,06.05.2017,,ИР,0087723,,
69069,75556,602,,11.05.2017,,ИЭ,1196578,,
69070,75557,602,,12.05.2017,,ИЭ,1196596,,
69071,75558,602,,12.05.2017,,ИЭ,1196593,,
69072,75559,602,,15.05.2017,,ИЭ,1196630,,
69073,75560,602,,16.05.2017,,ИЭ,1196670,,
69074,75561,602,,17.05.2017,,ИЭ,1196699,,
69075,75562,602,,17.05.2017,,ИЭ,1196692,,
69076,75563,602,,20.05.2017,,ИЭ,1196803,,
69077,75564,602,,19.05.2017,,ИЭ,1196782,,
69078,75565,602,,19.05.2017,,ИЭ,1196764,,
69079,75566,602,,21.05.2017,,ИЭ,1196808,,
69080,75567,602,,22.05.2017,,ИЭ,1196840,,
69081,75568,602,,22.05.2017,,ИЭ,1196846,,
69082,75569,602,,22.05.2017,,ИЭ,1196849,,
69083,75570,602,,23.05.2017,,ИЭ,1196872,,
69084,75571,602,,23.05.2017,,ИЭ,1196854,,
69085,75572,602,,23.05.2017,,ИЭ,1196873,,
69086,75573,602,,24.05.2017,,ИЭ,1196914,,
69087,75574,602,,25.05.2017,,ИЭ,1196952,,
69088,75575,602,,25.05.2017,,ИЭ,1196949,,
69089,75576,602,,25.05.2017,,ИЭ,1196953,,
69090,75577,602,,25.05.2017,,ИЭ,1196950,,
69091,75578,602,,26.05.2017,,ИР,0087872,,
69092,75579,602,,29.05.2017,,ИЭ,1198020,,
69093,75580,602,,29.05.2017,,ИЭ,1198019,,
69094,75581,603,,03.05.2017,,ИР,0086465,,
69095,75582,603,,05.05.2017,,ИР,0086470,,
69096,75583,603,,05.05.2017,,ИР,0086487,,
69097,75584,603,,05.05.2017,,ИР,0086483,,
69098,75585,603,,22.05.2017,,ИЭ,1195066,,
69099,75586,603,,26.05.2017,,ИЭ,1195099,,
69100,75587,603,,26.05.2017,,ИЭ,1195103,,
69101,75594,603,,06.07.2017,,ЮЖ,1854939,,
69102,75595,606,,09.06.2017,,,95104,,
69103,75596,606,,09.06.2017,,,95067,,
69104,75601,604,,05.07.2017,,ГМ,740425,,
69105,75602,604,,05.07.2017,,ГМ,740426,,
69106,75603,604,,05.07.2017,,ГМ,740427,,
69107,75604,604,,05.07.2017,,ГМ,740428,,
69108,75605,604,,05.07.2017,,ГМ,740429,,
69109,75606,604,,05.07.2017,,ГМ,740430,,
69110,75607,601,,05.06.2017,,,622,,
69111,75608,606,,07.06.2017,,,140,,
69112,75609,608,,30.06.2017,,,600200/6,,
69113,75610,608,,30.06.2017,,,600200/6,,
69114,75611,608,,30.06.2017,,,600200/6,,
69115,75612,601,,05.07.2017,,,23604986,,
69116,75613,608,,11.07.2017,,Не,0143/42775,,
69117,75614,608,,11.07.2017,,Не,0143/42775,,
69118,75615,603,,14.06.2017,,ЭС,3552293,,
69119,75616,603,,06.07.2017,,ЮЖ,3376038,,
69120,75617,603,,01.06.2017,,ЮЖ,1165036,,
69121,75618,603,,06.07.2017,,ЮЖ,5319976,,
69122,75619,603,,20.01.2017,,ИР,0084406,,
69123,75620,603,,20.01.2017,,ИР,0084407,,
69124,75621,603,,20.01.2017,,ИР,0084408,,
69125,75622,603,,20.01.2017,,ИР,0084409,,
69126,75623,603,,20.01.2017,,ИР,0084410,,
69127,75624,603,,20.01.2017,,ИР,0084411,,
69128,75625,603,,20.01.2017,,ИР,0084412,,
69129,75626,603,,20.01.2017,,ИР,0084413,,
69130,75627,603,,20.01.2017,,ИР,0084414,,
69131,75628,603,,20.01.2017,,ИР,0084415,,
69132,75629,603,,20.01.2017,,ИР,0084416,,
69133,75630,603,,20.01.2017,,ИР,0084417,,
69134,75631,603,,20.01.2017,,ИР,0084422,,
69135,75632,603,,24.01.2017,,ИР,0084439,,
69136,75633,603,,03.03.2017,,ИР,0086155,,
69137,75634,603,,24.03.2017,,ИР,0086273,,
69138,75635,603,,14.04.2017,,ИР,0086383,,
69139,75636,602,,19.01.2017,,ПУ,0685653,,
69140,75637,602,,14.03.2017,,ПУ,0685674,,
69141,75638,608,,11.07.2017,,Не,0864/43194,,
69142,75639,608,,11.07.2017,,Не,4293/43888,,
69143,75640,608,,11.07.2017,,Не,0143/42775,,
69144,75641,608,,11.07.2017,,Не,0864/43194,,
69145,75642,608,,11.07.2017,,Не,4293/43888,,
69146,75643,612,,23.06.2017,,,40,,
69147,75644,601,,08.06.2017,,,167526,,
69148,75645,603,,30.06.2017,,ДА,0747448,,
69149,75646,603,,05.06.2017,,ИР,0086946,,
69150,75647,603,,09.06.2017,,ИР,0086947,,
69151,75648,603,,28.06.2017,,ИР,0086950,,
69152,75649,603,,27.06.2017,,ИР,0086949,,
69153,75650,603,,13.06.2017,,ИР,0086948,,
69154,75651,602,,28.05.2017,,ИР,0087893,,
69155,75652,602,,28.05.2017,,ИР,0087895,,
69156,75653,602,,28.05.2017,,ИР,0087894,,
69157,75654,602,,18.06.2017,,ИЭ,1198859,,
69158,75655,602,,18.06.2017,,ИЭ,1198860,,
69159,75656,602,,18.06.2017,,ИЭ,1198861,,
69160,75657,602,,07.06.2017,,ИР,0087965,,
69161,75658,602,,07.06.2017,,ИР,0087966,,
69162,75659,602,,08.06.2017,,ИР,0087972,,
69163,75660,602,,08.06.2017,,ИР,0087973,,
69164,75661,602,,10.06.2017,,ИР,0087993,,
69165,75662,602,,10.06.2017,,ИР,0087994,,
69166,75663,602,,10.06.2017,,ИР,0087995,,
69167,75664,602,,17.06.2017,,ИЭ,1198853,,
69168,75665,602,,17.06.2017,,ИЭ,1198854,,
69169,75666,602,,19.06.2017,,ИЭ,1198865,,
69170,75667,602,,19.06.2017,,ИЭ,1198868,,
69171,75668,602,,19.06.2017,,ИЭ,1198869,,
69172,75669,602,,21.06.2017,,ИЭ,1198879,,
69173,75670,602,,28.06.2017,,ИЭ,1198962,,
69174,75671,602,,28.06.2017,,ИЭ,1198959,,
69175,75672,602,,28.06.2017,,ИЭ,1198960,,
69176,75673,602,,27.04.2017,,ИР,0087682,,
69177,75674,602,,27.04.2017,,ИР,0087681,,
69178,75675,602,,13.06.2017,,ИЭ,1198817,,
69179,75676,602,,13.06.2017,,ИЭ,1198818,,
69180,75677,602,,29.06.2017,,ИЭ,1198963,,
69181,75678,602,,29.06.2017,,ИЭ,1198965,,
69182,75679,602,,01.06.2017,,ИР,0087931,,
69183,75680,602,,02.06.2017,,ИР,0087937,,
69184,75681,602,,01.06.2017,,ИР,0087932,,
69185,75682,602,,01.06.2017,,ИР,0087933,,
69186,75683,602,,01.06.2017,,ИР,0087934,,
69187,75684,602,,01.06.2017,,ИЭ,1198057,,
69188,75685,602,,02.06.2017,,ИР,0087942,,
69189,75686,602,,02.06.2017,,ИР,0087941,,
69190,75687,602,,02.06.2017,,ИР,0087943,,
69191,75688,602,,05.06.2017,,ИР,0087949,,
69192,75689,602,,02.06.2017,,ИР,0087940,,
69193,75690,602,,05.06.2017,,ИР,0087954,,
69194,75691,602,,05.06.2017,,ИР,0087955,,
69195,75692,602,,06.06.2017,,ИР,0087959,,
69196,75693,602,,06.06.2017,,ИР,0087962,,
69197,75694,602,,06.06.2017,,ИР,0087961,,
69198,75695,602,,06.06.2017,,ИР,0087960,,
69199,75696,602,,09.06.2017,,ИР,0087981,,
69200,75697,602,,12.06.2017,,ИЭ,1198804,,
69201,75698,602,,12.06.2017,,ИЭ,1198808,,
69202,75699,602,,12.06.2017,,ИЭ,1198803,,
69203,75700,602,,13.06.2017,,ИЭ,1198821,,
69204,75701,602,,13.06.2017,,ИЭ,1198822,,
69205,75702,602,,14.06.2017,,ИЭ,1198826,,
69206,75703,602,,14.06.2017,,ИЭ,1198828,,
69207,75704,602,,14.06.2017,,ИЭ,1198827,,
69208,75705,602,,14.06.2017,,ИЭ,1198823,,
69209,75706,602,,14.06.2017,,ИЭ,1198824,,
69210,75707,602,,14.06.2017,,ИЭ,1198835,,
69211,75708,602,,14.06.2017,,ИЭ,1198829,,
69212,75709,602,,14.06.2017,,ИЭ,1198830,,
69213,75710,602,,15.06.2017,,ИЭ,1198841,,
69214,75711,602,,15.06.2017,,ИЭ,1198837,,
69215,75712,602,,16.06.2017,,ИЭ,1198845,,
69216,75713,602,,16.06.2017,,ИЭ,1198850,,
69217,75714,602,,16.06.2017,,ИЭ,1198851,,
69218,75715,602,,17.06.2017,,ИЭ,1198852,,
69219,75716,602,,18.06.2017,,ИЭ,1198855,,
69220,75717,602,,18.06.2017,,ИЭ,1198858,,
69221,75718,602,,18.06.2017,,ИЭ,198856,,
69222,75719,602,,18.06.2017,,ИЭ,1198857,,
69223,75720,602,,19.06.2017,,ИЭ,1198862,,
69224,75721,602,,19.06.2017,,ИЭ,1198863,,
69225,75722,602,,19.06.2017,,ИЭ,1198867,,
69226,75723,602,,19.06.2017,,ИЭ,1198870,,
69227,75724,602,,20.06.2017,,ИЭ,1198875,,
69228,75725,602,,20.06.2017,,ИЭ,1198874,,
69229,75726,602,,20.06.2017,,ИЭ,1198877,,
69230,75727,602,,21.06.2017,,ИЭ,1198881,,
69231,75728,602,,21.06.2017,,ИЭ,1198882,,
69232,75729,602,,21.06.2017,,ИЭ,1198883,,
69233,75730,602,,21.06.2017,,ИЭ,1198888,,
69234,75731,602,,21.06.2017,,ИЭ,1198890,,
69235,75732,602,,21.06.2017,,ИЭ,1198889,,
69236,75733,602,,22.06.2017,,ИЭ,1198893,,
69237,75734,602,,22.06.2017,,ИЭ,1198895,,
69238,75735,602,,22.06.2017,,ИЭ,1198896,,
69239,75736,602,,24.06.2017,,ИЭ,1198913,,
69240,75737,602,,24.06.2017,,ИЭ,1198914,,
69241,75738,602,,23.06.2017,,ИЭ,1198908,,
69242,75739,602,,23.06.2017,,ИЭ,1198909,,
69243,75740,602,,23.06.2017,,ИЭ,1198910,,
69244,75741,602,,23.06.2017,,ИЭ,1198911,,
69245,75742,602,,23.06.2017,,ИЭ,1198912,,
69246,75743,602,,26.06.2017,,ИЭ,1198926,,
69247,75744,602,,25.06.2017,,ИЭ,1198917,,
69248,75745,602,,27.06.2017,,ИЭ,1198932,,
69249,75746,602,,27.06.2017,,ИЭ,1198933,,
69250,75747,602,,27.06.2017,,ИЭ,1198102,,
69251,75748,602,,27.06.2017,,ИЭ,1198101,,
69252,75749,602,,28.06.2017,,ИЭ,1198955,,
69253,75750,602,,27.06.2017,,ИЭ,1198935,,
69254,75751,602,,28.06.2017,,ИЭ,1198954,,
69255,75752,602,,28.06.2017,,ИЭ,1198953,,
69256,75753,602,,27.06.2017,,ИЭ,1198944,,
69257,75754,602,,27.06.2017,,ИЭ,1198940,,
69258,75755,602,,28.06.2017,,ИЭ,1198952,,
69259,75756,602,,28.06.2017,,ИЭ,1198106,,
69260,75757,602,,28.06.2017,,ИЭ,1198105,,
69261,75758,602,,27.06.2017,,ИЭ,1198945,,
69262,75759,602,,28.06.2017,,ИЭ,1198961,,
69263,75760,602,,28.06.2017,,ИЭ,1198956,,
69264,75761,602,,28.06.2017,,ИЭ,1198107,,
69265,75762,602,,28.06.2017,,ИЭ,1198108,,
69266,75763,602,,29.06.2017,,ИЭ,1198978,,
69267,75764,602,,29.06.2017,,ИЭ,1198976,,
69268,75765,602,,29.06.2017,,ИЭ,1198977,,
69269,75766,602,,29.06.2017,,ИЭ,1198974,,
69270,75767,602,,29.06.2017,,ИЭ,1198975,,
69271,75768,602,,30.06.2017,,ИЭ,1198991,,
69272,75769,602,,01.06.2017,,ИР,0087928,,
69273,75770,602,,01.06.2017,,ИР,0087927,,
69274,75771,602,,05.06.2017,,ИР,0087952,,
69275,75772,602,,08.06.2017,,ИР,0087969,,
69276,75773,602,,08.06.2017,,ИР,0087971,,
69277,75774,602,,08.06.2017,,ИР,0087970,,
69278,75775,602,,09.06.2017,,ИЭ,1198065,,
69279,75776,602,,09.06.2017,,ИЭ,1198066,,
69280,75777,602,,09.06.2017,,ИР,0087990,,
69281,75778,602,,09.06.2017,,ИР,0087986,,
69282,75779,602,,09.06.2017,,ИР,0087985,,
69283,75780,602,,11.06.2017,,ИР,0087996,,
69284,75781,602,,09.06.2017,,ИР,0087989,,
69285,75782,602,,12.06.2017,,ИЭ,1198802,,
69286,75783,602,,12.06.2017,,ИЭ,1198805,,
69287,75784,602,,25.06.2017,,ИЭ,1198921,,
69288,75785,602,,26.06.2017,,ИЭ,1198927,,
69289,75786,602,,05.06.2017,,ИР,0087950,,
69290,75787,602,,27.06.2017,,ИЭ,1198938,,
69291,75788,602,,27.06.2017,,ИЭ,1198939,,
69292,75789,602,,09.06.2017,,ИР,0087982,,
69293,75790,602,,09.06.2017,,ИР,0087983,,
69294,75791,602,,09.06.2017,,ИР,0087984,,
69295,75792,602,,16.06.2017,,ИЭ,1198846,,
69296,75793,602,,16.06.2017,,ИЭ,1198847,,
69297,75794,602,,16.06.2017,,ИЭ,1198848,,
69298,75795,602,,16.06.2017,,ИЭ,1198849,,
69299,75796,602,,26.06.2017,,ИЭ,1198918,,
69300,75797,602,,26.06.2017,,ИЭ,1198919,,
69301,75798,602,,26.06.2017,,ИЭ,1198920,,
69302,75799,602,,26.06.2017,,ИЭ,1198923,,
69303,75800,602,,09.06.2017,,ИР,0087980,,
69304,75801,602,,14.06.2017,,ИЭ,1198081,,
69305,75802,602,,14.06.2017,,ИЭ,1198078,,
69306,75803,602,,14.06.2017,,ИЭ,1198082,,
69307,75804,602,,15.06.2017,,ИЭ,1198083,,
69308,75805,602,,16.06.2017,,ИЭ,1198084,,
69309,75806,602,,19.06.2017,,ИЭ,1198089,,
69310,75807,602,,21.06.2017,,ИЭ,1197479,,
69311,75808,602,,28.06.2017,,ИЭ,1198950,,
69312,75809,602,,12.06.2017,,ИЭ,1198809,,
69313,75810,602,,12.06.2017,,ИЭ,1198810,,
69314,75811,602,,12.06.2017,,ИЭ,1198811,,
69315,75812,602,,12.06.2017,,ИЭ,1198812,,
69316,75813,602,,05.06.2017,,ИР,0087953,,
69317,75814,602,,20.06.2017,,ИЭ,1198871,,
69318,75815,602,,20.06.2017,,ИЭ,1198872,,
69319,75816,602,,26.06.2017,,ИЭ,1198928,,
69320,75817,602,,26.06.2017,,ИЭ,1198929,,
69321,75818,602,,30.06.2017,,ИЭ,1198987,,
69322,75819,602,,30.06.2017,,ИЭ,1198988,,
69323,75820,602,,30.06.2017,,ИЭ,1198989,,
69324,75821,602,,05.06.2017,,ИР,0087951,,
69325,75822,602,,05.06.2017,,ИР,0087956,,
69326,75823,602,,05.06.2017,,ИР,0087958,,
69327,75824,602,,08.06.2017,,ИЭ,1197265,,
69328,75825,602,,12.06.2017,,ИЭ,1198801,,
69329,75826,602,,12.06.2017,,ИЭ,1198807,,
69330,75827,602,,16.06.2017,,ИЭ,1197397,,
69331,75828,602,,27.06.2017,,ИЭ,1198934,,
69332,75829,602,,01.06.2017,,ИР,0087935,,
69333,75830,602,,02.06.2017,,ИР,0087936,,
69334,75831,602,,13.06.2017,,ИЭ,1198816,,
69335,75832,602,,20.06.2017,,ИЭ,1198090,,
69336,75833,602,,22.06.2017,,ИЭ,1198894,,
69337,75834,602,,29.06.2017,,ИЭ,1198985,,
69338,75835,602,,28.05.2017,,ИР,0087869,,
69339,75836,602,,09.06.2017,,ИЭ,1195164,,
69340,75837,602,,19.06.2017,,ИЭ,1195205,,
69341,75838,602,,28.06.2017,,ИЭ,1195257,,
69342,75839,602,,15.06.2017,,ИЭ,1195204,,
69343,75840,602,,15.06.2017,,ИЭ,1195202,,
69344,75841,602,,15.06.2017,,ИЭ,1195203,,
69345,75842,603,,01.06.2017,,ДЕ,0509678,,
69346,75843,603,,01.06.2017,,ДЕ,0509679,,
69347,75844,603,,01.06.2017,,ДЕ,0509680,,
69348,75845,603,,01.06.2017,,ДЕ,0509681,,
69349,75846,603,,01.06.2017,,ДЕ,0509682,,
69350,75850,601,,31.12.2016,,,40,,
69351,75851,606,,29.06.2017,,,6,,
69352,75852,612,,30.06.2017,,,137,,
69353,75853,603,,20.06.2017,,ЮЖ,1255269,,
69354,75854,608,,30.06.2017,,,911,,
69355,75855,608,,30.06.2017,,,912,,
69356,75856,608,,30.06.2017,,,918,,
69357,75857,608,,30.06.2017,,,913,,
69358,75858,608,,30.06.2017,,,914,,
69359,75859,608,,30.06.2017,,,915,,
69360,75860,608,,30.06.2017,,,916,,
69361,75861,608,,30.06.2017,,,917,,
69362,75862,608,,30.06.2017,,,929,,
69363,75863,608,,30.06.2017,,,930,,
69364,75864,608,,30.06.2017,,,928,,
69365,75865,608,,30.06.2017,,,918,,
69366,75866,608,,30.06.2017,,,919,,
69367,75867,608,,30.06.2017,,,920,,
69368,75868,608,,30.06.2017,,,921,,
69369,75869,608,,30.06.2017,,,923,,
69370,75870,608,,31.05.2017,,,885,,
69371,75871,608,,30.06.2017,,,924,,
69372,75872,608,,30.06.2017,,,925,,
69373,75873,608,,30.06.2017,,,926,,
69375,75875,608,,31.05.2017,,,887,,
69376,75876,608,,30.06.2017,,,927,,
69377,75879,603,,04.07.2017,,ДЖ,0739103,,
69378,75880,601,,31.12.2016,,,40,,
69379,75881,601,,31.12.2016,,,40,,
69380,75882,601,,31.12.2016,,,40,,
69381,75883,606,,07.06.2017,,,17080093-06-17,,
69382,75884,603,,27.06.2017,,ЮА,4707650,,
69383,75885,603,,04.07.2017,,юк,1578484,,
69384,75886,603,,05.07.2017,,ЮК,0573806,,
69385,75887,603,,10.07.2017,,эю,5103068,,
69386,75888,603,,05.07.2017,,ЭУ,2110954,,
69387,75889,603,,05.07.2017,,ЭУ,2110955,,
69388,75890,603,,06.07.2017,,ЭУ,2110957,,
69389,75891,612,,04.07.2017,,,170,,
69390,75892,603,,13.07.2017,,ЭХ,1528564,,
69392,75894,602,,12.07.2017,,ИХ,1229909,,
69393,75895,603,,10.07.2017,,ДИ,0191726,,
69394,75896,603,,10.07.2017,,ДИ,0191727,,
69395,75897,603,,11.07.2017,,ДИ,0191746,,
69396,75898,603,,12.07.2017,,ДИ,0191771,,
69397,75899,603,,10.07.2017,,ДИ,0191731,,
69398,75900,603,,11.07.2017,,ДИ,0191769,,
69399,75901,603,,11.07.2017,,ДИ,0191750,,
69400,75902,603,,11.07.2017,,ГШ,0323945,,
69401,75903,606,,26.06.2017,,,578-э,,
69402,75904,603,,06.07.2017,,ДЖ,0764550,,
69403,75905,601,,20.01.2017,,,2210221,,
69406,75908,601,,20.01.2017,,,2210221,,
69407,75909,603,,06.07.2017,,ЭШ,0189929,,
69408,75910,603,,07.07.2017,,ЭШ,0189931,,
69409,75911,603,,21.06.2017,,АЮ,0282335,,
69410,75912,606,,16.05.2017,,,36,,
69411,75913,606,,25.05.2017,,,37,,
69412,75914,606,,16.05.2017,,,36,,
69413,75915,606,,16.05.2017,,,36,,
69414,75916,606,,25.05.2017,,,37,,
69415,75917,603,,05.07.2017,,ЮЖ,6781049,,
69416,75918,612,,05.07.2017,,,б/н,,
69417,75919,603,,12.07.2017,,ДИ,0188305,,
69418,75920,603,,04.07.2017,,ДИ,0187657,,
69419,75921,603,,04.07.2017,,ДИ,0187658,,
69420,75922,603,,04.07.2017,,ДИ,0187659,,
69421,75923,603,,05.07.2017,,ДИ,0187678,,
69422,75924,603,,05.07.2017,,ДИ,0187673,,
69423,75925,603,,05.07.2017,,ДИ,0187668,,
69424,75926,603,,05.07.2017,,ДИ,0187662,,
69425,75927,603,,05.07.2017,,ДИ,0187660,,
69426,75928,603,,05.07.2017,,ДИ,0187679,,
69427,75929,603,,05.07.2017,,ДИ,0187674,,
69428,75930,603,,05.07.2017,,ДИ,0187670,,
69429,75931,603,,05.07.2017,,ДИ,0187666,,
69430,75932,603,,05.07.2017,,ДИ,0187667,,
69431,75933,603,,05.07.2017,,ДИ,0187664,,
69432,75934,603,,05.07.2017,,ДИ,0187665,,
69433,75935,603,,05.07.2017,,ДИ,0187661,,
69434,75936,603,,05.07.2017,,ДИ,0187663,,
69435,75937,603,,05.07.2017,,ДИ,0187671,,
69436,75938,603,,05.07.2017,,ДИ,0187672,,
69437,75939,603,,05.07.2017,,ДИ,0187675,,
69438,75940,603,,05.07.2017,,ДИ,0187676,,
69439,75941,603,,05.07.2017,,ДИ,0187677,,
69440,75942,603,,06.07.2017,,ДИ,0187697,,
69441,75943,603,,06.07.2017,,ДИ,0187696,,
69442,75944,603,,06.07.2017,,ДИ,0188218,,
69443,75945,603,,06.07.2017,,ДИ,0188217,,
69444,75946,603,,06.07.2017,,ДИ,0188212,,
69445,75947,603,,06.07.2017,,ДИ,0188213,,
69446,75948,603,,06.07.2017,,ДИ,0187684,,
69447,75949,603,,06.07.2017,,ДИ,0187685,,
69448,75950,603,,06.07.2017,,ДИ,0187686,,
69449,75951,603,,06.07.2017,,ДИ,0187700,,
69450,75952,603,,06.07.2017,,ДИ,0187690,,
69451,75953,603,,06.07.2017,,ДИ,0188220,,
69452,75954,603,,06.07.2017,,ДИ,0188216,,
69453,75955,603,,06.07.2017,,ДИ,0187682,,
69454,75956,603,,06.07.2017,,ДИ,0187681,,
69455,75957,603,,06.07.2017,,ДИ,0188209,,
69456,75958,603,,06.07.2017,,ДИ,0187691,,
69457,75959,603,,06.07.2017,,ДИ,0187692,,
69458,75960,603,,06.07.2017,,ДИ,0188210,,
69459,75961,603,,06.07.2017,,ДИ,0187687,,
69460,75962,603,,06.07.2017,,ДИ,0187688,,
69461,75963,603,,06.07.2017,,ДИ,0187693,,
69462,75964,603,,06.07.2017,,ДИ,0187689,,
69463,75965,603,,06.07.2017,,ДИ,0187699,,
69464,75966,603,,06.07.2017,,ДИ,0187683,,
69465,75967,603,,06.07.2017,,ДИ,0187694,,
69466,75968,603,,06.07.2017,,ДИ,0187698,,
69467,75969,603,,06.07.2017,,ДИ,0188208,,
69468,75970,603,,06.07.2017,,ДИ,0188207,,
69469,75971,603,,06.07.2017,,ДИ,0188211,,
69470,75972,603,,06.07.2017,,ДИ,0188205,,
69471,75973,603,,06.07.2017,,ДИ,0188206,,
69472,75974,603,,06.07.2017,,ДИ,0188219,,
69473,75975,603,,06.07.2017,,ДИ,0188202,,
69474,75976,603,,06.07.2017,,ДИ,0188203,,
69475,75977,603,,06.07.2017,,ДИ,0188201,,
69476,75978,603,,06.07.2017,,ДИ,0188221,,
69477,75979,603,,06.07.2017,,ДИ,0188204,,
69478,75980,603,,06.07.2017,,ДИ,0188214,,
69479,75981,603,,06.07.2017,,ДИ,0185744,,
69480,75982,603,,07.07.2017,,ДИ,0188227,,
69481,75983,603,,07.07.2017,,ДИ,0188231,,
69482,75984,603,,07.07.2017,,ДИ,0188232,,
69483,75985,603,,07.07.2017,,ДИ,0188234,,
69484,75986,603,,07.07.2017,,ДИ,0188226,,
69485,75987,603,,07.07.2017,,ДИ,0188233,,
69486,75988,603,,07.07.2017,,ДЕ,0510149,,
69487,75989,603,,07.07.2017,,ДИ,0188229,,
69488,75990,603,,07.07.2017,,ДИ,0188228,,
69489,75991,603,,07.07.2017,,ДИ,0188230,,
69490,75992,603,,07.07.2017,,ДИ,0188222,,
69491,75993,603,,08.07.2017,,ДИ,0188235,,
69492,75994,603,,08.07.2017,,ДИ,0188236,,
69493,75995,603,,08.07.2017,,ДЕ,0510151,,
69494,75996,603,,08.07.2017,,ДИ,0188237,,
69495,75997,603,,09.07.2017,,ДИ,0188239,,
69496,75998,603,,09.07.2017,,ДИ,0188238,,
69497,75999,603,,10.07.2017,,ДИ,0188260,,
69498,76000,603,,10.07.2017,,ДИ,0188261,,
